antecedents,consequents,antecedent support,consequent support,support,confidence,lift,representativity,leverage,conviction,zhangs_metric,jaccard,certainty,kulczynski
frozenset({'Bananas'}),frozenset({'Apples'}),0.1794400163498876,0.1794400163498876,0.03443695074596362,0.19191343963553528,1.0695130525474648,1.0,0.00223823127831569,1.0154357514373484,0.07920816226982628,0.10614173228346456,0.015201110868411983,0.19191343963553528
frozenset({'Apples'}),frozenset({'Bananas'}),0.1794400163498876,0.1794400163498876,0.03443695074596362,0.19191343963553528,1.0695130525474648,1.0,0.00223823127831569,1.0154357514373484,0.07920816226982628,0.10614173228346456,0.015201110868411983,0.19191343963553528
frozenset({'Beef'}),frozenset({'Apples'}),0.17024320457796852,0.1794400163498876,0.030962599632127528,0.18187274909963985,1.0135573591623437,1.0,0.0004141562191995983,1.0029735383426905,0.01612040514396268,0.09714652132093621,0.0029647226262858716,0.17721200097351014
frozenset({'Apples'}),frozenset({'Beef'}),0.1794400163498876,0.17024320457796852,0.030962599632127528,0.1725512528473804,1.0135573591623437,1.0,0.0004141562191995983,1.0027893549628957,0.01630108216301083,0.09714652132093621,0.0027815961039981208,0.17721200097351014
frozenset({'Bread'}),frozenset({'Apples'}),0.1759656652360515,0.1794400163498876,0.03300633558144288,0.1875725900116144,1.0453219623312404,1.0,0.0014310537344669472,1.0100102157580368,0.05261545407636733,0.1023771790808241,0.00991100446496368,0.18575668224954295
frozenset({'Apples'}),frozenset({'Bread'}),0.1794400163498876,0.1759656652360515,0.03300633558144288,0.1839407744874715,1.0453219623312404,1.0,0.0014310537344669472,1.0097727088942732,0.05283823433023986,0.1023771790808241,0.009678127372816984,0.18575668224954295
frozenset({'Butter'}),frozenset({'Apples'}),0.1797465767422849,0.1794400163498876,0.034028203556100554,0.18931210915292782,1.0550161162702458,1.0,0.0017744748866286297,1.0121774272374109,0.06357447518528886,0.10465116279069768,0.012030921565448513,0.18947382223022247
frozenset({'Apples'}),frozenset({'Butter'}),0.1794400163498876,0.1797465767422849,0.034028203556100554,0.1896355353075171,1.0550161162702458,1.0,0.0017744748866286297,1.0122030999582206,0.0635507238246966,0.10465116279069768,0.012055979633656694,0.18947382223022247
frozenset({'Carrots'}),frozenset({'Apples'}),0.18322092785612099,0.1794400163498876,0.034334763948497854,0.18739542665923034,1.044334649935779,1.0,0.001457597658353925,1.0097900141967409,0.05197553811966411,0.10457516339869281,0.009695099039505365,0.18936969510638055
frozenset({'Apples'}),frozenset({'Carrots'}),0.1794400163498876,0.18322092785612099,0.034334763948497854,0.19134396355353075,1.044334649935779,1.0,0.001457597658353925,1.0100451061159519,0.05173604933878894,0.10457516339869281,0.00994520547164419,0.18936969510638055
frozenset({'Cereal'}),frozenset({'Apples'}),0.17698753321070917,0.1794400163498876,0.03310852237890864,0.18706697459584293,1.0425042217510927,1.0,0.0013498765258527154,1.0093820253423256,0.04953906808057949,0.10240202275600506,0.00929482109525764,0.1857886125826595
frozenset({'Apples'}),frozenset({'Cereal'}),0.1794400163498876,0.17698753321070917,0.03310852237890864,0.18451025056947606,1.042504221751093,1.0,0.0013498765258527154,1.0092247846941302,0.04968713005242681,0.10240202275600506,0.009140465864526047,0.1857886125826595
frozenset({'Chicken'}),frozenset({'Apples'}),0.17872470876762722,0.1794400163498876,0.03310852237890864,0.18524871355060032,1.0323712476117168,1.0,0.0010381577155167132,1.0071294115116116,0.03817989944654108,0.10185476265325367,0.007078942815214787,0.18487948206003818
frozenset({'Apples'}),frozenset({'Chicken'}),0.1794400163498876,0.17872470876762722,0.03310852237890864,0.18451025056947606,1.0323712476117168,1.0,0.0010381577155167132,1.0070945610363453,0.03821318204879833,0.10185476265325367,0.007044582813598703,0.18487948206003818
frozenset({'Eggs'}),frozenset({'Apples'}),0.18189249948906602,0.1794400163498876,0.034641324340895153,0.19044943820224716,1.0613543292979446,1.0,0.002002531258655224,1.0135994246337265,0.07066013174484898,0.10603690960275257,0.013416961674619015,0.19175091500089578
frozenset({'Apples'}),frozenset({'Eggs'}),0.1794400163498876,0.18189249948906602,0.034641324340895153,0.1930523917995444,1.0613543292979446,1.0,0.002002531258655224,1.0138297606896258,0.07044894330625914,0.10603690960275257,0.013641107438214006,0.19175091500089578
frozenset({'Fish'}),frozenset({'Apples'}),0.17872470876762722,0.1794400163498876,0.03372164316370325,0.18867924528301885,1.0514892336786006,1.0,0.0016512785003113192,1.0113878868245572,0.05962423789971373,0.10393700787401573,0.011259663055992835,0.1883031761722611
frozenset({'Apples'}),frozenset({'Fish'}),0.1794400163498876,0.17872470876762722,0.03372164316370325,0.1879271070615034,1.0514892336786006,1.0,0.0016512785003113192,1.0113319855568348,0.05967621419676204,0.10393700787401573,0.011205010539240045,0.1883031761722611
frozenset({'Juice'}),frozenset({'Apples'}),0.17075413856529736,0.1794400163498876,0.03249540159411404,0.1903052064631957,1.0605505412578777,1.0,0.001855276178146112,1.013418871159895,0.06884990525349058,0.10228369250562884,0.013241189346056434,0.18569930027032222
frozenset({'Apples'}),frozenset({'Juice'}),0.1794400163498876,0.17075413856529736,0.03249540159411404,0.18109339407744876,1.0605505412578777,1.0,0.001855276178146112,1.0126256833653253,0.06957870250710786,0.10228369250562884,0.01246826302426538,0.18569930027032222
frozenset({'Onions'}),frozenset({'Apples'}),0.1815859390966687,0.1794400163498876,0.034743511138360925,0.19133370849746764,1.066282272981901,1.0,0.002159727257944999,1.0147077877148571,0.0759542573428423,0.10648293141246477,0.014494604153949976,0.1924777881895083
frozenset({'Apples'}),frozenset({'Onions'}),0.1794400163498876,0.1815859390966687,0.034743511138360925,0.19362186788154898,1.0662822729819013,1.0,0.002159727257944999,1.0149259116852045,0.07575562229873274,0.10648293141246477,0.014706405180276983,0.1924777881895083
frozenset({'Pasta'}),frozenset({'Apples'}),0.17739628040057226,0.1794400163498876,0.03280196198651134,0.18490783410138248,1.0304715629362922,1.0,0.0009699705310234133,1.006708220223742,0.03594744683732895,0.10122989593188268,0.006663519865022278,0.18385482821242244
frozenset({'Apples'}),frozenset({'Pasta'}),0.1794400163498876,0.17739628040057226,0.03280196198651134,0.1828018223234624,1.030471562936292,1.0,0.0009699705310234133,1.0066147258652232,0.03603697970616414,0.10122989593188268,0.006571258789739491,0.18385482821242244
frozenset({'Snacks'}),frozenset({'Apples'}),0.17729409360310647,0.1794400163498876,0.03249540159411404,0.18328530259365997,1.0214293685544171,1.0,0.0006817465392341127,1.004708236861641,0.025500953434434107,0.10022061140876143,0.0046861732480144936,0.18218934833555436
frozenset({'Apples'}),frozenset({'Snacks'}),0.1794400163498876,0.17729409360310647,0.03249540159411404,0.18109339407744876,1.0214293685544171,1.0,0.0006817465392341127,1.0046394795778477,0.025567643350016066,0.10022061140876143,0.0046180542096526745,0.18218934833555436
frozenset({'Apples'}),frozenset({'Tomato Sauce'}),0.1794400163498876,0.17841814837522993,0.03300633558144288,0.1839407744874715,1.0309532755638007,1.0,0.0009909801198749457,1.006767432974945,0.03658956930088006,0.1016042780748663,0.006721942678407476,0.18446752355530505
frozenset({'Tomato Sauce'}),frozenset({'Apples'}),0.17841814837522993,0.1794400163498876,0.03300633558144288,0.18499427262313858,1.0309532755638007,1.0,0.0009909801198749457,1.0068149904800396,0.036544059886326724,0.1016042780748663,0.0067688607584102285,0.18446752355530505
frozenset({'Beef'}),frozenset({'Bananas'}),0.17024320457796852,0.1794400163498876,0.031166973227059063,0.18307322929171668,1.0202475067475738,1.0,0.0006185298141311336,1.0044474156951413,0.02391746749576034,0.09785049727301894,0.004427723766966303,0.1783817171515531
frozenset({'Bananas'}),frozenset({'Beef'}),0.1794400163498876,0.17024320457796852,0.031166973227059063,0.17369020501138951,1.0202475067475738,1.0,0.0006185298141311336,1.0041715594494054,0.02418553375660946,0.09785049727301894,0.004154229832691859,0.1783817171515531
frozenset({'Bananas'}),frozenset({'Bread'}),0.1794400163498876,0.1759656652360515,0.03249540159411404,0.18109339407744876,1.0291405078059892,1.0,0.0009201197471381123,1.006261677222179,0.034507389741300326,0.10063291139240506,0.006222712604403961,0.18288119181224355
frozenset({'Bread'}),frozenset({'Bananas'}),0.1759656652360515,0.1794400163498876,0.03249540159411404,0.18466898954703834,1.0291405078059892,1.0,0.0009201197471381123,1.0064133132802662,0.03436189727463314,0.10063291139240506,0.006372444795431771,0.18288119181224355
frozenset({'Butter'}),frozenset({'Bananas'}),0.1797465767422849,0.1794400163498876,0.034028203556100554,0.18931210915292782,1.0550161162702458,1.0,0.0017744748866286297,1.0121774272374109,0.06357447518528886,0.10465116279069768,0.012030921565448513,0.18947382223022247
frozenset({'Bananas'}),frozenset({'Butter'}),0.1794400163498876,0.1797465767422849,0.034028203556100554,0.1896355353075171,1.0550161162702458,1.0,0.0017744748866286297,1.0122030999582206,0.0635507238246966,0.10465116279069768,0.012055979633656694,0.18947382223022247
frozenset({'Bananas'}),frozenset({'Carrots'}),0.1794400163498876,0.18322092785612099,0.03392601675863478,0.1890660592255125,1.0319020945794006,1.0,0.0010488504684908542,1.0072079007616934,0.03767648426833095,0.10320174075225365,0.00715631872649386,0.1871152939741617
frozenset({'Carrots'}),frozenset({'Bananas'}),0.18322092785612099,0.1794400163498876,0.03392601675863478,0.18516452872281092,1.0319020945794006,1.0,0.0010488504684908542,1.0070253598115344,0.03785089061362411,0.10320174075225365,0.0069763484534779065,0.1871152939741617
frozenset({'Bananas'}),frozenset({'Cereal'}),0.1794400163498876,0.17698753321070917,0.032904148783977114,0.18337129840546698,1.036069010505716,1.0,0.001145502930921187,1.007817218746161,0.04242630508264833,0.10170562223626028,0.0077565838336106155,0.18464176929511225
frozenset({'Cereal'}),frozenset({'Bananas'}),0.17698753321070917,0.1794400163498876,0.032904148783977114,0.18591224018475752,1.0360690105057158,1.0,0.001145502930921187,1.0079502777886487,0.04229987953981451,0.10170562223626028,0.007887569420677093,0.18464176929511225
frozenset({'Bananas'}),frozenset({'Cheese'}),0.1794400163498876,0.17586347843858574,0.03321070917637441,0.18507972665148065,1.0524056972756477,1.0,0.0016537637300064814,1.0113093863465015,0.06068550627454729,0.10310913705583756,0.011182914446545513,0.18696171108866885
frozenset({'Cheese'}),frozenset({'Bananas'}),0.17586347843858574,0.1794400163498876,0.03321070917637441,0.18884369552585706,1.0524056972756475,1.0,0.0016537637300064814,1.0115929311331255,0.060422146978873485,0.10310913705583756,0.011460075269743105,0.18696171108866885
frozenset({'Chicken'}),frozenset({'Bananas'}),0.17872470876762722,0.1794400163498876,0.03525444512568976,0.19725557461406518,1.0992841988458097,1.0,0.003184080462297831,1.0221933129658451,0.10997181513759723,0.1091772151898734,0.021711463657937954,0.19686241145281846
frozenset({'Bananas'}),frozenset({'Chicken'}),0.1794400163498876,0.17872470876762722,0.03525444512568976,0.19646924829157175,1.0992841988458097,1.0,0.003184080462297831,1.0220832114840868,0.1100676809789376,0.1091772151898734,0.021606079853343434,0.19686241145281846
frozenset({'Bananas'}),frozenset({'Eggs'}),0.1794400163498876,0.18189249948906602,0.03310852237890864,0.18451025056947606,1.0143917483555576,1.0,0.0004697292966687125,1.0032100355427374,0.017290100395122996,0.1008717310087173,0.003199764185972104,0.1832663612397942
frozenset({'Eggs'}),frozenset({'Bananas'}),0.18189249948906602,0.1794400163498876,0.03310852237890864,0.18202247191011234,1.0143917483555578,1.0,0.0004697292966687125,1.003157122868956,0.017341931822737657,0.1008717310087173,0.0031471868134943085,0.1832663612397942
frozenset({'Bananas'}),frozenset({'Fish'}),0.1794400163498876,0.17872470876762722,0.03423257715103209,0.1907744874715262,1.067420888734337,1.0,0.002162212487640161,1.0148905076735022,0.0769747774204941,0.10567823343848581,0.014672033643941196,0.1911562545991136
frozenset({'Fish'}),frozenset({'Bananas'}),0.17872470876762722,0.1794400163498876,0.03423257715103209,0.19153802172670098,1.067420888734337,1.0,0.002162212487640161,1.0149642230580245,0.07690773456346493,0.10567823343848581,0.014743596589974563,0.1911562545991136
frozenset({'Bananas'}),frozenset({'Milk'}),0.1794400163498876,0.18168812589413447,0.034334763948497854,0.19134396355353075,1.0531451222355748,1.0,0.0017326436674739293,1.0119405992464083,0.06149854711498552,0.10506566604127579,0.011799703713143367,0.19016017075314334
frozenset({'Milk'}),frozenset({'Bananas'}),0.18168812589413447,0.1794400163498876,0.034334763948497854,0.1889763779527559,1.0531451222355748,1.0,0.0017326436674739293,1.0117584264423716,0.06166749916749923,0.10506566604127579,0.011621772683146852,0.19016017075314334
frozenset({'Bananas'}),frozenset({'Pasta'}),0.1794400163498876,0.17739628040057226,0.03259758839157981,0.1816628701594533,1.0240511793665954,1.0,0.000765596936091878,1.0052137311180203,0.028622290236066095,0.10053577056413489,0.00518668911557885,0.18270931526405843
frozenset({'Pasta'}),frozenset({'Bananas'}),0.17739628040057226,0.1794400163498876,0.03259758839157981,0.18375576036866356,1.0240511793665954,1.0,0.000765596936091878,1.0052873194189098,0.028551178955976485,0.10053577056413489,0.005259510705820869,0.18270931526405843
frozenset({'Bananas'}),frozenset({'Tomato Sauce'}),0.1794400163498876,0.17841814837522993,0.032188841201716736,0.17938496583143507,1.0054188291102082,1.0,0.00017348574014880436,1.0011781620077003,0.006568226294253458,0.09883903357389393,0.001176775575425806,0.17989866848272784
frozenset({'Tomato Sauce'}),frozenset({'Bananas'}),0.17841814837522993,0.1794400163498876,0.032188841201716736,0.1804123711340206,1.0054188291102082,1.0,0.00017348574014880436,1.0011863951454203,0.006560056858564088,0.09883903357389393,0.0011849892798910877,0.17989866848272784
frozenset({'Beef'}),frozenset({'Bread'}),0.17024320457796852,0.1759656652360515,0.030758226037195996,0.18067226890756305,1.0267472842795655,1.0,0.0008012672917165585,1.0057444701221525,0.03139534883720948,0.09750566893424038,0.005711659663865572,0.17773450843752137
frozenset({'Bread'}),frozenset({'Beef'}),0.1759656652360515,0.17024320457796852,0.030758226037195996,0.17479674796747968,1.0267472842795655,1.0,0.0008012672917165585,1.0055180870631515,0.03161337209302343,0.09750566893424038,0.005487804878048802,0.17773450843752137
frozenset({'Beef'}),frozenset({'Butter'}),0.17024320457796852,0.1797465767422849,0.030758226037195996,0.18067226890756305,1.0051499849513428,1.0,0.000157592800669671,1.0011298191555702,0.006174819566960859,0.09635083226632525,0.0011285441048227301,0.17589611171358824
frozenset({'Butter'}),frozenset({'Beef'}),0.1797465767422849,0.17024320457796852,0.030758226037195996,0.17111995451961343,1.0051499849513428,1.0,0.000157592800669671,1.001057752501614,0.006246360394135066,0.09635083226632525,0.0010566348434651598,0.17589611171358824
frozenset({'Beef'}),frozenset({'Carrots'}),0.17024320457796852,0.18322092785612099,0.03331289597384018,0.19567827130852342,1.0679908326967151,1.0,0.0021207780698653637,1.0154880105908228,0.07672413793103454,0.1040536227258219,0.015251790695009407,0.1887482265633526
frozenset({'Carrots'}),frozenset({'Beef'}),0.18322092785612099,0.17024320457796852,0.03331289597384018,0.1818181818181818,1.067990832696715,1.0,0.0021207780698653637,1.0141471944047051,0.0779432003002628,0.1040536227258219,0.013949843260188072,0.1887482265633526
frozenset({'Beef'}),frozenset({'Cereal'}),0.17024320457796852,0.17698753321070917,0.03249540159411404,0.19087635054021612,1.0784734217012442,1.0,0.002364476769973284,1.0171652593998208,0.0876924745174584,0.10324675324675327,0.016875585595549414,0.18723956095140137
frozenset({'Cereal'}),frozenset({'Beef'}),0.17698753321070917,0.17024320457796852,0.03249540159411404,0.18360277136258663,1.0784734217012442,1.0,0.002364476769973284,1.0163640521011024,0.08841108679932484,0.10324675324675327,0.016100581349048376,0.18723956095140137
frozenset({'Beef'}),frozenset({'Eggs'}),0.17024320457796852,0.18189249948906602,0.03269977518904558,0.19207683073229295,1.055990935700123,1.0,0.0017338131873304782,1.0126055689830729,0.06390086206896564,0.10236724248240564,0.012448646708246157,0.1859260558155847
frozenset({'Eggs'}),frozenset({'Beef'}),0.18189249948906602,0.17024320457796852,0.03269977518904558,0.1797752808988764,1.0559909357001227,1.0,0.0017338131873304782,1.0116212985282302,0.06481076692480653,0.10236724248240564,0.011487795428128639,0.1859260558155847
frozenset({'Beef'}),frozenset({'Fish'}),0.17024320457796852,0.17872470876762722,0.03280196198651134,0.19267707082833135,1.0780662179108351,1.0,0.002375294828646339,1.0172822566491697,0.08727038349983895,0.10374919198448611,0.016988654364321343,0.18810525925636123
frozenset({'Fish'}),frozenset({'Beef'}),0.17872470876762722,0.17024320457796852,0.03280196198651134,0.1835334476843911,1.0780662179108351,1.0,0.002375294828646339,1.0162777557374882,0.08817164539239672,0.10374919198448611,0.016017034364464444,0.18810525925636123
frozenset({'Beef'}),frozenset({'Oranges'}),0.17024320457796852,0.17964438994481913,0.0313713468219906,0.18427370948379354,1.0257693521094446,1.0,0.0007881101933304088,1.0056750892950195,0.030276311355722983,0.09849213987808793,0.005643064400648183,0.17945198557238595
frozenset({'Oranges'}),frozenset({'Beef'}),0.17964438994481913,0.17024320457796852,0.0313713468219906,0.1746302616609784,1.0257693521094446,1.0,0.0007881101933304088,1.0053152628200768,0.030623274565081043,0.09849213987808793,0.005287160174179144,0.17945198557238595
frozenset({'Beef'}),frozenset({'Pasta'}),0.17024320457796852,0.17739628040057226,0.03157572041692213,0.18547418967587034,1.0455359563180109,1.0,0.0013752091613168406,1.0099173152930336,0.05248856154447035,0.09990300678952471,0.009819927971188453,0.18173479069046972
frozenset({'Pasta'}),frozenset({'Beef'}),0.17739628040057226,0.17024320457796852,0.03157572041692213,0.1779953917050691,1.0455359563180109,1.0,0.0013752091613168406,1.0094308317117355,0.05294498381877009,0.09990300678952471,0.009342722072143622,0.18173479069046972
frozenset({'Beef'}),frozenset({'Potatoes'}),0.17024320457796852,0.17800940118536684,0.031064786429593295,0.18247298919567828,1.025075012783529,1.0,0.0007598955267912183,1.0054598660977818,0.02948049001814896,0.0979381443298969,0.005430217835518115,0.17849252215237416
frozenset({'Potatoes'}),frozenset({'Beef'}),0.17800940118536684,0.17024320457796852,0.031064786429593295,0.17451205510907003,1.025075012783529,1.0,0.0007598955267912183,1.005171305719874,0.029759022743332864,0.0979381443298969,0.005144700898689584,0.17849252215237416
frozenset({'Beef'}),frozenset({'Rice'}),0.17024320457796852,0.17146944614755774,0.029327610872675252,0.17226890756302524,1.004662413237047,1.0,0.0001361028733056248,1.0009658467861993,0.005592935239697357,0.09388289172391234,0.0009649148263153561,0.1716529281557677
frozenset({'Rice'}),frozenset({'Beef'}),0.17146944614755774,0.17024320457796852,0.029327610872675252,0.17103694874851014,1.004662413237047,1.0,0.0001361028733056248,1.0009575145349885,0.005601212894220837,0.09388289172391234,0.0009565985779458507,0.1716529281557677
frozenset({'Beef'}),frozenset({'Snacks'}),0.17024320457796852,0.17729409360310647,0.031780094011853666,0.18667466986794717,1.0529096941370208,1.0,0.0015969793641145112,1.0115336088983207,0.06056103780906974,0.10064724919093851,0.011402101518784145,0.18296269516452113
frozenset({'Snacks'}),frozenset({'Beef'}),0.17729409360310647,0.17024320457796852,0.031780094011853666,0.1792507204610951,1.0529096941370208,1.0,0.0015969793641145112,1.0109747472311972,0.06108006794306873,0.10064724919093851,0.010855609659147393,0.18296269516452113
frozenset({'Beef'}),frozenset({'Tomato Sauce'}),0.17024320457796852,0.17841814837522993,0.03055385244226446,0.17947178871548622,1.0059054549654913,1.0,0.00017937510799784923,1.0012841000781763,0.0070753084995963545,0.09604882749759075,0.0012824532798194096,0.17536017843563545
frozenset({'Tomato Sauce'}),frozenset({'Beef'}),0.17841814837522993,0.17024320457796852,0.03055385244226446,0.17124856815578465,1.0059054549654913,1.0,0.00017937510799784923,1.0012131062936194,0.007145709579194328,0.09604882749759075,0.0012116364498163449,0.17536017843563545
frozenset({'Butter'}),frozenset({'Bread'}),0.1797465767422849,0.1759656652360515,0.03259758839157981,0.18135304150085277,1.0306160651146024,1.0,0.0009683624412206646,1.0065808297567953,0.03621632788711147,0.10088551549652118,0.006537805571347367,0.18330137557040316
frozenset({'Bread'}),frozenset({'Butter'}),0.1759656652360515,0.1797465767422849,0.03259758839157981,0.18524970963995355,1.0306160651146024,1.0,0.0009683624412206646,1.006754379793147,0.036050156739811975,0.10088551549652118,0.006709064225312753,0.18330137557040316
frozenset({'Carrots'}),frozenset({'Bread'}),0.18322092785612099,0.1759656652360515,0.03259758839157981,0.17791411042944785,1.0110728714649109,1.0,0.0003569959362108785,1.0023701236307732,0.013408283972613969,0.09981226533166457,0.0023645194274028595,0.1815819100347007
frozenset({'Bread'}),frozenset({'Carrots'}),0.1759656652360515,0.18322092785612099,0.03259758839157981,0.18524970963995355,1.011072871464911,1.0,0.0003569959362108785,1.0024900657389593,0.013290229885057474,0.09981226533166457,0.002483880712696791,0.1815819100347007
frozenset({'Cereal'}),frozenset({'Bread'}),0.17698753321070917,0.1759656652360515,0.03229102799918251,0.18244803695150116,1.0368388441390188,1.0,0.0011472989792723105,1.0079290026914962,0.04317062360710784,0.1007010834926705,0.007866628175519638,0.18297779315635454
frozenset({'Bread'}),frozenset({'Cereal'}),0.1759656652360515,0.17698753321070917,0.03229102799918251,0.18350754936120792,1.0368388441390188,1.0,0.0011472989792723105,1.007985396736244,0.04311708860759506,0.1007010834926705,0.00792213534253547,0.18297779315635454
frozenset({'Cheese'}),frozenset({'Bread'}),0.17586347843858574,0.1759656652360515,0.03423257715103209,0.19465427077280653,1.106205977806437,1.0,0.003286643176860348,1.0232056927335897,0.11649674750858231,0.1077863577863578,0.02267940151074959,0.19459775094970178
frozenset({'Bread'}),frozenset({'Cheese'}),0.1759656652360515,0.17586347843858574,0.03423257715103209,0.194541231126597,1.106205977806437,1.0,0.003286643176860348,1.0231889618808618,0.11651119402985075,0.1077863577863578,0.022663420682563933,0.19459775094970178
frozenset({'Chicken'}),frozenset({'Bread'}),0.17872470876762722,0.1759656652360515,0.03229102799918251,0.180674671240709,1.0267609365630535,1.0,0.000841615726767414,1.0057474190524396,0.0317353442858425,0.10015847860538826,0.005714574995235385,0.18209111030095845
frozenset({'Bread'}),frozenset({'Chicken'}),0.1759656652360515,0.17872470876762722,0.03229102799918251,0.18350754936120792,1.0267609365630537,1.0,0.000841615726767414,1.0058577891195917,0.03162908755274258,0.10015847860538826,0.0058236752580292,0.18209111030095845
frozenset({'Eggs'}),frozenset({'Bread'}),0.18189249948906602,0.1759656652360515,0.03208665440425097,0.17640449438202246,1.0024938339271032,1.0,7.981973020931149e-05,1.0005328212004285,0.0030407130957514194,0.09849435382685068,0.0005325374531835078,0.17937530177869998
frozenset({'Bread'}),frozenset({'Eggs'}),0.1759656652360515,0.18189249948906602,0.03208665440425097,0.18234610917537747,1.0024938339271032,1.0,7.981973020931149e-05,1.0005547698010144,0.0030188428874734453,0.09849435382685068,0.0005544622021288794,0.17937530177869998
frozenset({'Bread'}),frozenset({'Fish'}),0.1759656652360515,0.17872470876762722,0.0357653791130186,0.20325203252032523,1.1372352145476858,1.0,0.004315966840603508,1.030784294097774,0.14644345238095238,0.11214354373598205,0.02986492350925752,0.20168319178903626
frozenset({'Fish'}),frozenset({'Bread'}),0.17872470876762722,0.1759656652360515,0.0357653791130186,0.2001143510577473,1.1372352145476858,1.0,0.004315966840603508,1.0301901726248364,0.14693542366554685,0.11214354373598205,0.029305436439870422,0.20168319178903626
frozenset({'Juice'}),frozenset({'Bread'}),0.17075413856529736,0.1759656652360515,0.03055385244226446,0.1789347695990425,1.0168732028433392,1.0,0.0005069868578129917,1.0036161613633805,0.02001001489870732,0.09663865546218486,0.003603131857171368,0.1762850386903459
frozenset({'Bread'}),frozenset({'Juice'}),0.1759656652360515,0.17075413856529736,0.03055385244226446,0.17363530778164926,1.0168732028433392,1.0,0.0005069868578129917,1.0034865589533086,0.020136566332218494,0.09663865546218486,0.0034744450956524543,0.1762850386903459
frozenset({'Milk'}),frozenset({'Bread'}),0.18168812589413447,0.1759656652360515,0.03229102799918251,0.17772778402699665,1.01001399215342,1.0,0.0003201560607296594,1.0021429871479484,0.01211604850845364,0.0992462311557789,0.0021384045744282285,0.18061766669410229
frozenset({'Bread'}),frozenset({'Milk'}),0.1759656652360515,0.18168812589413447,0.03229102799918251,0.18350754936120792,1.01001399215342,1.0,0.0003201560607296594,1.0022283408323616,0.01203190928270049,0.0992462311557789,0.00222338636972787,0.18061766669410229
frozenset({'Oranges'}),frozenset({'Bread'}),0.17964438994481913,0.1759656652360515,0.0319844676067852,0.17804323094425484,1.0118066539027164,1.0,0.00037322302422046483,1.0025275851315028,0.014224177041695955,0.09883170192611303,0.002521212552142586,0.17990431001335855
frozenset({'Bread'}),frozenset({'Oranges'}),0.1759656652360515,0.17964438994481913,0.0319844676067852,0.18176538908246223,1.0118066539027164,1.0,0.00037322302422046483,1.0025921650213068,0.014160676251331241,0.09883170192611303,0.0025854630743616606,0.17990431001335855
frozenset({'Pasta'}),frozenset({'Bread'}),0.17739628040057226,0.1759656652360515,0.031780094011853666,0.17914746543778798,1.0180819377318195,1.0,0.0005644395207658436,1.0038762141405015,0.021590940863972976,0.09882427708929137,0.003861247119815616,0.1798757071672099
frozenset({'Bread'}),frozenset({'Pasta'}),0.1759656652360515,0.17739628040057226,0.031780094011853666,0.1806039488966318,1.0180819377318195,1.0,0.0005644395207658436,1.0039146740965377,0.02155345659163969,0.09882427708929137,0.003899409180427176,0.1798757071672099
frozenset({'Rice'}),frozenset({'Bread'}),0.17146944614755774,0.1759656652360515,0.03086041283466176,0.17997616209773537,1.0227913602139596,1.0,0.0006876776756494542,1.0048907076554545,0.026895193039659874,0.09748224661071658,0.004866905045689274,0.17767681507906513
frozenset({'Bread'}),frozenset({'Rice'}),0.1759656652360515,0.17146944614755774,0.03086041283466176,0.17537746806039486,1.0227913602139596,1.0,0.0006876776756494542,1.004739164601342,0.02704194260485643,0.09748224661071658,0.0047168108582910815,0.17767681507906513
frozenset({'Snacks'}),frozenset({'Bread'}),0.17729409360310647,0.1759656652360515,0.03208665440425097,0.1809798270893372,1.028495114922331,1.0,0.0008889812809575598,1.0061221469496486,0.03367623755248205,0.09990454979319123,0.006084894332372728,0.18166296813235733
frozenset({'Bread'}),frozenset({'Snacks'}),0.1759656652360515,0.17729409360310647,0.03208665440425097,0.18234610917537747,1.028495114922331,1.0,0.0008889812809575598,1.0061786724541555,0.033621947983015,0.09990454979319123,0.006140730889360827,0.18166296813235733
frozenset({'Butter'}),frozenset({'Carrots'}),0.1797465767422849,0.18322092785612099,0.034028203556100554,0.18931210915292782,1.033245008460988,1.0,0.0010948689864176617,1.0075135960035646,0.03922609541146998,0.10344827586206896,0.007457562888846696,0.1875171811799218
frozenset({'Carrots'}),frozenset({'Butter'}),0.18322092785612099,0.1797465767422849,0.034028203556100554,0.1857222532069158,1.033245008460988,1.0,0.0010948689864176617,1.007338621850057,0.039392952316760856,0.10344827586206896,0.007285158824327645,0.1875171811799218
frozenset({'Butter'}),frozenset({'Cheese'}),0.1797465767422849,0.17586347843858574,0.035458818720621295,0.19727117680500283,1.121729073918511,1.0,0.0038479604972948764,1.0266686554012237,0.13229952656183067,0.11075646345355888,0.025975912735741808,0.19944906893707431
frozenset({'Cheese'}),frozenset({'Butter'}),0.17586347843858574,0.1797465767422849,0.035458818720621295,0.20162696106914582,1.121729073918511,1.0,0.0038479604972948764,1.027406216467633,0.13167616859414938,0.11075646345355888,0.026675151491548657,0.19944906893707431
frozenset({'Butter'}),frozenset({'Eggs'}),0.1797465767422849,0.18189249948906602,0.035867565910484366,0.19954519613416716,1.0970501625668312,1.0,0.003173011792226947,1.0220533333797819,0.10785039239007103,0.11010037641154327,0.021577478062573034,0.19836810368506108
frozenset({'Eggs'}),frozenset({'Butter'}),0.18189249948906602,0.1797465767422849,0.035867565910484366,0.19719101123595503,1.0970501625668312,1.0,0.003173011792226947,1.0217292466051315,0.10813328749876347,0.11010037641154327,0.021267127937592625,0.19836810368506108
frozenset({'Butter'}),frozenset({'Fish'}),0.1797465767422849,0.17872470876762722,0.03382382996116902,0.18817509948834568,1.0528768002246718,1.0,0.001698675380926197,1.011640922463406,0.061226517602788647,0.10418633931381806,0.011506970709587016,0.1887130500300505
frozenset({'Fish'}),frozenset({'Butter'}),0.17872470876762722,0.1797465767422849,0.03382382996116902,0.1892510005717553,1.0528768002246718,1.0,0.001698675380926197,1.0117230164158983,0.0611503367920349,0.10418633931381806,0.011587179717851942,0.1887130500300505
frozenset({'Butter'}),frozenset({'Milk'}),0.1797465767422849,0.18168812589413447,0.03382382996116902,0.18817509948834568,1.0357038940342806,1.0,0.0011660112969770625,1.0079906068292839,0.04202734201074424,0.10324391765439801,0.007927263185932936,0.1871696644798309
frozenset({'Milk'}),frozenset({'Butter'}),0.18168812589413447,0.1797465767422849,0.03382382996116902,0.1861642294713161,1.0357038940342806,1.0,0.0011660112969770625,1.0078856852468678,0.042127057232797714,0.10324391765439801,0.007823987742157658,0.1871696644798309
frozenset({'Butter'}),frozenset({'Onions'}),0.1797465767422849,0.1815859390966687,0.034743511138360925,0.19329164297896534,1.0644637131075716,1.0,0.002104060201201692,1.0145104532268918,0.0738306011329411,0.10638297872340427,0.014302911498583456,0.19231267573821648
frozenset({'Onions'}),frozenset({'Butter'}),0.1815859390966687,0.1797465767422849,0.034743511138360925,0.19133370849746764,1.0644637131075716,1.0,0.002104060201201692,1.0143286938962839,0.07399653331178901,0.10638297872340427,0.01412628271536295,0.19231267573821648
frozenset({'Butter'}),frozenset({'Oranges'}),0.1797465767422849,0.17964438994481913,0.03280196198651134,0.1824900511654349,1.01584052372295,1.0,0.0005114978629739558,1.0034808887948978,0.019010605561370488,0.10043804755944932,0.003468814238284252,0.1825419539103625
frozenset({'Oranges'}),frozenset({'Butter'}),0.17964438994481913,0.1797465767422849,0.03280196198651134,0.1825938566552901,1.01584052372295,1.0,0.0005114978629739558,1.0034833111253048,0.01900823752380679,0.10043804755944932,0.0034712197868031593,0.1825419539103625
frozenset({'Butter'}),frozenset({'Potatoes'}),0.1797465767422849,0.17800940118536684,0.03331289597384018,0.18533257532689026,1.041139254964953,1.0,0.0013163154828264578,1.0089891579308723,0.04817254037561882,0.1026771653543307,0.008909072867845372,0.18623689615942676
frozenset({'Potatoes'}),frozenset({'Butter'}),0.17800940118536684,0.1797465767422849,0.03331289597384018,0.18714121699196326,1.0411392549649532,1.0,0.0013163154828264578,1.0090970786122455,0.04807073366423324,0.1026771653543307,0.009015067831487793,0.18623689615942676
frozenset({'Cereal'}),frozenset({'Carrots'}),0.17698753321070917,0.18322092785612099,0.03269977518904558,0.18475750577367206,1.0083864760184913,1.0,0.0002719551352134142,1.00188481087337,0.010105227216290135,0.09984399375975042,0.00188126504455834,0.1816146703436124
frozenset({'Carrots'}),frozenset({'Cereal'}),0.18322092785612099,0.17698753321070917,0.03269977518904558,0.17847183491355273,1.0083864760184913,1.0,0.0002719551352134142,1.0018067569268152,0.010182347053672056,0.09984399375975042,0.0018034984435096877,0.1816146703436124
frozenset({'Chicken'}),frozenset({'Carrots'}),0.17872470876762722,0.18322092785612099,0.03525444512568976,0.19725557461406518,1.0765995834764317,1.0,0.0025083381544700953,1.017483331324533,0.08663301794418193,0.10791366906474818,0.01718291669876665,0.1948352608151196
frozenset({'Carrots'}),frozenset({'Chicken'}),0.18322092785612099,0.17872470876762722,0.03525444512568976,0.192414947016174,1.0765995834764317,1.0,0.0025083381544700953,1.016952069875445,0.08710991682939952,0.10791366906474818,0.016669487557581047,0.1948352608151196
frozenset({'Carrots'}),frozenset({'Eggs'}),0.18322092785612099,0.18189249948906602,0.034743511138360925,0.18962632459564976,1.0425186587039486,1.0,0.0014169986119052375,1.009543529536204,0.04993339760525759,0.10516548097742034,0.009453311577945104,0.19031878027535298
frozenset({'Eggs'}),frozenset({'Carrots'}),0.18189249948906602,0.18322092785612099,0.034743511138360925,0.19101123595505617,1.0425186587039486,1.0,0.0014169986119052375,1.0096296864000727,0.04985231664486934,0.10516548097742034,0.009537839992015483,0.19031878027535298
frozenset({'Juice'}),frozenset({'Carrots'}),0.17075413856529736,0.18322092785612099,0.03269977518904558,0.1915020945541592,1.0451977118276643,1.0,0.0014140434858391435,1.0102426569596017,0.05214764325323486,0.10178117048346058,0.010138808620918552,0.18498696473385595
frozenset({'Carrots'}),frozenset({'Juice'}),0.18322092785612099,0.17075413856529736,0.03269977518904558,0.17847183491355273,1.0451977118276643,1.0,0.0014140434858391435,1.0093943174150863,0.05294359126735906,0.10178117048346058,0.009306885577822182,0.18498696473385595
frozenset({'Milk'}),frozenset({'Carrots'}),0.18168812589413447,0.18322092785612099,0.035458818720621295,0.19516310461192352,1.0651791086069624,1.0,0.0021697517138582548,1.0148380085756932,0.07477680820620303,0.1076302729528536,0.014621061145037353,0.19434675029815363
frozenset({'Carrots'}),frozenset({'Milk'}),0.18322092785612099,0.18168812589413447,0.035458818720621295,0.1935303959843837,1.0651791086069624,1.0,0.0021697517138582548,1.014684087324908,0.07491713750973024,0.1076302729528536,0.01447158530259479,0.19434675029815363
frozenset({'Onions'}),frozenset({'Carrots'}),0.1815859390966687,0.18322092785612099,0.034641324340895153,0.1907709622960045,1.041207271070106,1.0,0.001370980093978437,1.009329910430927,0.04835747100146548,0.10492107706592387,0.009243667837945696,0.18991978120377467
frozenset({'Carrots'}),frozenset({'Onions'}),0.18322092785612099,0.1815859390966687,0.034641324340895153,0.1890686001115449,1.041207271070106,1.0,0.001370980093978437,1.0092272429158686,0.048454270643154884,0.10492107706592387,0.009142879347181715,0.18991978120377467
frozenset({'Pasta'}),frozenset({'Carrots'}),0.17739628040057226,0.18322092785612099,0.035458818720621295,0.1998847926267281,1.0909495709119694,1.0,0.0029561076274038367,1.0208268317075406,0.1013456960280666,0.10905091137649277,0.02040192426437647,0.1967075943055559
frozenset({'Carrots'}),frozenset({'Pasta'}),0.18322092785612099,0.17739628040057226,0.035458818720621295,0.1935303959843837,1.0909495709119694,1.0,0.0029561076274038367,1.020005857013675,0.1020684164926731,0.10905091137649277,0.0196134726836247,0.1967075943055559
frozenset({'Carrots'}),frozenset({'Potatoes'}),0.18322092785612099,0.17800940118536684,0.03372164316370325,0.18404907975460122,1.0339289864974326,1.0,0.0011065955114078485,1.0074020120810918,0.04017682138537876,0.10296411856474258,0.007347624873014369,0.18674325399899983
frozenset({'Potatoes'}),frozenset({'Carrots'}),0.17800940118536684,0.18322092785612099,0.03372164316370325,0.1894374282433984,1.0339289864974326,1.0,0.0011065955114078485,1.0076693652086666,0.039922095143377974,0.10296411856474258,0.0076109937182405624,0.18674325399899983
frozenset({'Snacks'}),frozenset({'Carrots'}),0.17729409360310647,0.18322092785612099,0.03351726956877171,0.18904899135446687,1.0318089399859525,1.0,0.001033281235400585,1.0071867023238308,0.03747186381937117,0.10250000000000001,0.007135422168749262,0.1859913110704292
frozenset({'Carrots'}),frozenset({'Snacks'}),0.18322092785612099,0.17729409360310647,0.03351726956877171,0.18293363078639152,1.0318089399859525,1.0,0.001033281235400585,1.0069021775901914,0.037743772752377995,0.10250000000000001,0.006854864100810773,0.1859913110704292
frozenset({'Carrots'}),frozenset({'Tomato Sauce'}),0.18322092785612099,0.17841814837522993,0.03413039035356632,0.18627997769102064,1.0440640674022497,1.0,0.001440451661885625,1.009661590105012,0.05167170975202095,0.10421216848673945,0.009569137025413921,0.18878718243084824
frozenset({'Tomato Sauce'}),frozenset({'Carrots'}),0.17841814837522993,0.18322092785612099,0.03413039035356632,0.19129438717067582,1.0440640674022497,1.0,0.001440451661885625,1.0099831869427853,0.05136964876217705,0.10421216848673945,0.009884508051073887,0.18878718243084824
frozenset({'Cereal'}),frozenset({'Cheese'}),0.17698753321070917,0.17586347843858574,0.03269977518904558,0.18475750577367206,1.050573475596255,1.0,0.0015741319583455482,1.0109096709237746,0.058491122423640525,0.10213852537503992,0.01079193447007498,0.18534795683802718
frozenset({'Cheese'}),frozenset({'Cereal'}),0.17586347843858574,0.17698753321070917,0.03269977518904558,0.18593840790238234,1.050573475596255,1.0,0.0015741319583455482,1.010995328582705,0.058411345319280945,0.10213852537503992,0.010875746179875037,0.18534795683802718
frozenset({'Chicken'}),frozenset({'Cereal'}),0.17872470876762722,0.17698753321070917,0.03300633558144288,0.18467695826186392,1.0434461394633952,1.0,0.0013742902528581305,1.009431139140582,0.05069818344028842,0.10227992400253326,0.00934302378328785,0.18558328282608208
frozenset({'Cereal'}),frozenset({'Chicken'}),0.17698753321070917,0.17872470876762722,0.03300633558144288,0.18648960739030024,1.0434461394633952,1.0,0.0013742902528581305,1.0095449286121145,0.05059117212684355,0.10227992400253326,0.009454684325180807,0.18558328282608208
frozenset({'Cereal'}),frozenset({'Eggs'}),0.17698753321070917,0.18189249948906602,0.03525444512568976,0.19919168591224018,1.095106650751226,1.0,0.0030617403315897837,1.021602156369818,0.1055232254744243,0.1089359014840543,0.02114537076407473,0.19650595531567064
frozenset({'Eggs'}),frozenset({'Cereal'}),0.18189249948906602,0.17698753321070917,0.03525444512568976,0.1938202247191011,1.095106650751226,1.0,0.0030617403315897837,1.0208795755295732,0.1061558903286302,0.1089359014840543,0.020452535274537293,0.19650595531567064
frozenset({'Cereal'}),frozenset({'Juice'}),0.17698753321070917,0.17075413856529736,0.031473533619456366,0.17782909930715934,1.0414336121004557,1.0,0.0012521798492647618,1.0086052191045682,0.04834090667217061,0.09951534733441034,0.008531801086859067,0.18107493265776878
frozenset({'Juice'}),frozenset({'Cereal'}),0.17075413856529736,0.17698753321070917,0.031473533619456366,0.1843207660083782,1.0414336121004557,1.0,0.0012521798492647618,1.0089903389617791,0.047977530787142585,0.09951534733441034,0.00891023294735401,0.18107493265776878
frozenset({'Milk'}),frozenset({'Cereal'}),0.18168812589413447,0.17698753321070917,0.03331289597384018,0.18335208098987626,1.0359604298885272,1.0,0.0011563627581605423,1.0077935027213218,0.04241923720451322,0.10238693467336682,0.007733233743100216,0.18578689499840234
frozenset({'Cereal'}),frozenset({'Milk'}),0.17698753321070917,0.18168812589413447,0.03331289597384018,0.1882217090069284,1.0359604298885272,1.0,0.0011563627581605423,1.0080484821844657,0.04217696194856491,0.10238693467336682,0.007984221321403763,0.18578689499840234
frozenset({'Onions'}),frozenset({'Cereal'}),0.1815859390966687,0.17698753321070917,0.03351726956877171,0.18458075407990995,1.0429025747263272,1.0,0.0013788221423022481,1.0093120451929398,0.05026509810609409,0.10311222885884941,0.009226131043704844,0.1869785987489619
frozenset({'Cereal'}),frozenset({'Onions'}),0.17698753321070917,0.1815859390966687,0.03351726956877171,0.18937644341801385,1.0429025747263274,1.0,0.0013788221423022481,1.009610508179893,0.0499842526361693,0.10311222885884941,0.00951902550738964,0.1869785987489619
frozenset({'Oranges'}),frozenset({'Cereal'}),0.17964438994481913,0.17698753321070917,0.03596975270795013,0.20022753128555174,1.1313086727254096,1.0,0.004174935276473862,1.0290582621732385,0.14148491642886246,0.11217335882727851,0.028237723014701923,0.2017303938182955
frozenset({'Cereal'}),frozenset({'Oranges'}),0.17698753321070917,0.17964438994481913,0.03596975270795013,0.20323325635103925,1.1313086727254096,1.0,0.004174935276473862,1.0296057366779516,0.14102817346547153,0.11217335882727851,0.028754440290392397,0.2017303938182955
frozenset({'Pasta'}),frozenset({'Cereal'}),0.17739628040057226,0.17698753321070917,0.03239321479664827,0.18260368663594467,1.0317319153691424,1.0,0.0009962847277957126,1.0068707838944388,0.03738856123988469,0.10060298317994285,0.0068238983634659285,0.18281454539649428
frozenset({'Cereal'}),frozenset({'Pasta'}),0.17698753321070917,0.17739628040057226,0.03239321479664827,0.18302540415704388,1.0317319153691424,1.0,0.0009962847277957126,1.0068902066050947,0.03736999229961159,0.10060298317994285,0.006843056531780283,0.18281454539649428
frozenset({'Cereal'}),frozenset({'Potatoes'}),0.17698753321070917,0.17800940118536684,0.03372164316370325,0.1905311778290993,1.070343344566915,1.0,0.00221619835958968,1.015469127779561,0.07985341369994957,0.10496183206106868,0.015233479144152899,0.18998430303624886
frozenset({'Potatoes'}),frozenset({'Cereal'}),0.17800940118536684,0.17698753321070917,0.03372164316370325,0.1894374282433984,1.070343344566915,1.0,0.00221619835958968,1.015359573050244,0.07995268447779634,0.10496183206106868,0.01512722532777462,0.18998430303624886
frozenset({'Cereal'}),frozenset({'Rice'}),0.17698753321070917,0.17146944614755774,0.03269977518904558,0.18475750577367206,1.0774952035167786,1.0,0.0023518208943827945,1.0162995178983216,0.08738825428358589,0.10355987055016183,0.016038104526536104,0.1877303619452389
frozenset({'Rice'}),frozenset({'Cereal'}),0.17146944614755774,0.17698753321070917,0.03269977518904558,0.19070321811680574,1.0774952035167789,1.0,0.0023518208943827945,1.0169476577852947,0.08680624074987676,0.10355987055016183,0.016665221317489567,0.1877303619452389
frozenset({'Snacks'}),frozenset({'Cereal'}),0.17729409360310647,0.17698753321070917,0.03269977518904558,0.18443804034582134,1.0420962256490807,1.0,0.0013209309094031896,1.0091354274766218,0.049101043348652465,0.10168414362885289,0.009052726946139516,0.1845977730597467
frozenset({'Cereal'}),frozenset({'Snacks'}),0.17698753321070917,0.17729409360310647,0.03269977518904558,0.18475750577367206,1.0420962256490807,1.0,0.0013209309094031896,1.009154837025085,0.0490827539111002,0.10168414362885289,0.009071786299981975,0.1845977730597467
frozenset({'Cereal'}),frozenset({'Tomato Sauce'}),0.17698753321070917,0.17841814837522993,0.03280196198651134,0.18533487297921478,1.038766934120616,1.0,0.0012241740255570996,1.0084902671963867,0.045345785109390115,0.10167880899588216,0.00841878942470096,0.18459183511503693
frozenset({'Tomato Sauce'}),frozenset({'Cereal'}),0.17841814837522993,0.17698753321070917,0.03280196198651134,0.1838487972508591,1.038766934120616,1.0,0.0012241740255570996,1.0084068540449838,0.045424745431719905,0.10167880899588216,0.008336768052757274,0.18459183511503693
frozenset({'Chicken'}),frozenset({'Cheese'}),0.17872470876762722,0.17586347843858574,0.03453913754342939,0.19325328759291024,1.0988824360163971,1.0,0.0031079885766312626,1.021555475698734,0.1095668480025444,0.10791826309067688,0.021100641337163,0.19482536546990079
frozenset({'Cheese'}),frozenset({'Chicken'}),0.17586347843858574,0.17872470876762722,0.03453913754342939,0.19639744334689133,1.0988824360163971,1.0,0.0031079885766312626,1.0219918844619764,0.10918645472987591,0.10791826309067688,0.02151864882327716,0.19482536546990079
frozenset({'Cheese'}),frozenset({'Eggs'}),0.17586347843858574,0.18189249948906602,0.03208665440425097,0.18245206275421266,1.003076340512767,1.0,9.840674221513884e-05,1.0006844409234665,0.0037213563364540394,0.09852525886413553,0.0006839727845022505,0.17942827856811755
frozenset({'Eggs'}),frozenset({'Cheese'}),0.18189249948906602,0.17586347843858574,0.03208665440425097,0.17640449438202246,1.003076340512767,1.0,9.840674221513884e-05,1.000656895210994,0.0037487807711093966,0.09852525886413553,0.0006564639829475233,0.17942827856811755
frozenset({'Cheese'}),frozenset({'Fish'}),0.17586347843858574,0.17872470876762722,0.03351726956877171,0.19058686809994188,1.0663711213413558,1.0,0.002086120601973586,1.014655259304317,0.07552167601651204,0.10439210693825587,0.014443584823445472,0.18906130140274396
frozenset({'Fish'}),frozenset({'Cheese'}),0.17872470876762722,0.17586347843858574,0.03351726956877171,0.18753573470554602,1.0663711213413558,1.0,0.002086120601973586,1.0143664857219659,0.075784785003505,0.10439210693825587,0.014163012997950811,0.18906130140274396
frozenset({'Cheese'}),frozenset({'Juice'}),0.17586347843858574,0.17075413856529736,0.03239321479664827,0.18419523532829749,1.0787160819405859,1.0,0.0023637980307708167,1.0164758743084925,0.08854359590159597,0.10308943089430893,0.016208819830279626,0.1869509988730057
frozenset({'Juice'}),frozenset({'Cheese'}),0.17075413856529736,0.17586347843858574,0.03239321479664827,0.18970676241771395,1.078716081940586,1.0,0.0023637980307708167,1.0170842891647882,0.0879980407820544,0.10308943089430893,0.01679731891131415,0.1869509988730057
frozenset({'Milk'}),frozenset({'Cheese'}),0.18168812589413447,0.17586347843858574,0.03229102799918251,0.17772778402699665,1.0106008683836079,1.0,0.0003387221884523367,1.0022672608318703,0.012818668673099066,0.09927741124725102,0.0022621319886161444,0.1806709809152996
frozenset({'Cheese'}),frozenset({'Milk'}),0.17586347843858574,0.18168812589413447,0.03229102799918251,0.18361417780360256,1.0106008683836079,1.0,0.0003387221884523367,1.002359242232167,0.012728071758732463,0.09927741124725102,0.0023536893089479006,0.1806709809152996
frozenset({'Oranges'}),frozenset({'Cheese'}),0.17964438994481913,0.17586347843858574,0.03269977518904558,0.18202502844141072,1.0350359839207701,1.0,0.001106887891371991,1.0075326876946913,0.041262612107623414,0.10129787907565686,0.007476370530396186,0.1839817181718965
frozenset({'Cheese'}),frozenset({'Oranges'}),0.17586347843858574,0.17964438994481913,0.03269977518904558,0.18593840790238234,1.03503598392077,1.0,0.001106887891371991,1.0077316237722815,0.041073310601364016,0.10129787907565686,0.007672304401185047,0.1839817181718965
frozenset({'Pasta'}),frozenset({'Cheese'}),0.17739628040057226,0.17586347843858574,0.03269977518904558,0.18433179723502305,1.0481527993852036,1.0,0.00150224825573423,1.010382063157214,0.055847826086956556,0.1020082881734141,0.010275383476991381,0.1851351025687027
frozenset({'Cheese'}),frozenset({'Pasta'}),0.17586347843858574,0.17739628040057226,0.03269977518904558,0.18593840790238234,1.0481527993852036,1.0,0.00150224825573423,1.010493220150332,0.05574395536267828,0.1020082881734141,0.010384255867417813,0.1851351025687027
frozenset({'Cheese'}),frozenset({'Potatoes'}),0.17586347843858574,0.17800940118536684,0.031473533619456366,0.178965717606043,1.0053722804206295,1.0,0.00016818113222804437,1.0011647703892312,0.006483844735549603,0.09762282091917591,0.0011634152775654846,0.17788699198327407
frozenset({'Potatoes'}),frozenset({'Cheese'}),0.17800940118536684,0.17586347843858574,0.031473533619456366,0.17680826636050517,1.0053722804206295,1.0,0.00016818113222804437,1.001147713082276,0.006500771729513617,0.09762282091917591,0.0011463973470432192,0.17788699198327407
frozenset({'Cheese'}),frozenset({'Rice'}),0.17586347843858574,0.17146944614755774,0.03126916002452483,0.1778036025566531,1.0369404377946407,1.0,0.001113946779077571,1.0077039457102848,0.04322639988005937,0.09893307468477205,0.007645048670375812,0.18008177744042428
frozenset({'Rice'}),frozenset({'Cheese'}),0.17146944614755774,0.17586347843858574,0.03126916002452483,0.18235995232419547,1.0369404377946407,1.0,0.001113946779077571,1.0079453959038287,0.04299715281606794,0.09893307468477205,0.007882764221274246,0.18008177744042428
frozenset({'Cheese'}),frozenset({'Tomato Sauce'}),0.17586347843858574,0.17841814837522993,0.03423257715103209,0.19465427077280653,1.0910003973554894,1.0,0.00285534096119245,1.020160437695692,0.10120901999611367,0.10696040868454662,0.01976202658988615,0.19326069781481106
frozenset({'Tomato Sauce'}),frozenset({'Cheese'}),0.17841814837522993,0.17586347843858574,0.03423257715103209,0.1918671248568156,1.0910003973554894,1.0,0.00285534096119245,1.0198032364608287,0.10152372466028071,0.10696040868454662,0.019418683676230293,0.19326069781481106
frozenset({'Chicken'}),frozenset({'Fish'}),0.17872470876762722,0.17872470876762722,0.03229102799918251,0.180674671240709,1.0109104246778606,1.0,0.0003485064751093392,1.002379961176148,0.013141357298444085,0.09930861093651791,0.0023743104095530895,0.180674671240709
frozenset({'Fish'}),frozenset({'Chicken'}),0.17872470876762722,0.17872470876762722,0.03229102799918251,0.180674671240709,1.0109104246778606,1.0,0.0003485064751093392,1.002379961176148,0.013141357298444085,0.09930861093651791,0.0023743104095530895,0.180674671240709
frozenset({'Chicken'}),frozenset({'Milk'}),0.17872470876762722,0.18168812589413447,0.035561005518087066,0.19897084048027447,1.09512297240718,1.0,0.0030888481311218963,1.0215756372670655,0.10576300129144114,0.1094683862849953,0.02111996065683892,0.19734818739424298
frozenset({'Milk'}),frozenset({'Chicken'}),0.18168812589413447,0.17872470876762722,0.035561005518087066,0.1957255343082115,1.0951229724071798,1.0,0.0030888481311218963,1.0211380893784328,0.10614600916325082,0.1094683862849953,0.02070051993780735,0.19734818739424298
frozenset({'Chicken'}),frozenset({'Onions'}),0.17872470876762722,0.1815859390966687,0.03382382996116902,0.1892510005717553,1.04221175666584,1.0,0.0013699358798208092,1.0094542965584814,0.04931609733983353,0.10359937402190925,0.009365749980671441,0.18775999662802734
frozenset({'Onions'}),frozenset({'Chicken'}),0.1815859390966687,0.17872470876762722,0.03382382996116902,0.1862689926842994,1.0422117566658398,1.0,0.0013699358798208092,1.0092712258090777,0.049488509716599086,0.10359937402190925,0.00918605977461165,0.18775999662802734
frozenset({'Chicken'}),frozenset({'Oranges'}),0.17872470876762722,0.17964438994481913,0.03229102799918251,0.180674671240709,1.0057351153365064,1.0,0.0001841367245566522,1.0012574752173842,0.00694336163597812,0.09902851770604826,0.0012558959593395853,0.18021219341330103
frozenset({'Oranges'}),frozenset({'Chicken'}),0.17964438994481913,0.17872470876762722,0.03229102799918251,0.17974971558589306,1.0057351153365064,1.0,0.0001841367245566522,1.0012496268977193,0.006951145673686615,0.09902851770604826,0.0012480672792770312,0.18021219341330103
frozenset({'Chicken'}),frozenset({'Pasta'}),0.17872470876762722,0.17739628040057226,0.03229102799918251,0.180674671240709,1.0184806064294805,1.0,0.0005859294481298932,1.0040013297832515,0.022094017699784044,0.09971599873777218,0.003985382951748825,0.1813511605051471
frozenset({'Pasta'}),frozenset({'Chicken'}),0.17739628040057226,0.17872470876762722,0.03229102799918251,0.18202764976958524,1.0184806064294805,1.0,0.0005859294481298932,1.004037961675633,0.02205833791964774,0.09971599873777218,0.0040217221158593,0.1813511605051471
frozenset({'Chicken'}),frozenset({'Potatoes'}),0.17872470876762722,0.17800940118536684,0.0319844676067852,0.1789594053744997,1.0053368203185156,1.0,0.0001697892220307931,1.0011570733473492,0.006463715539272891,0.09848961611076149,0.0011557360759390967,0.1793189678996494
frozenset({'Potatoes'}),frozenset({'Chicken'}),0.17800940118536684,0.17872470876762722,0.0319844676067852,0.1796785304247991,1.0053368203185156,1.0,0.0001697892220307931,1.0011627413063635,0.006458090724656418,0.09848961611076149,0.0011613909091805253,0.1793189678996494
frozenset({'Chicken'}),frozenset({'Rice'}),0.17872470876762722,0.17146944614755774,0.03126916002452483,0.17495711835334476,1.020339904771056,1.0,0.0006233331992562333,1.0042272617379913,0.02427254340830513,0.09804549823774432,0.004209467218282167,0.17865853533877013
frozenset({'Rice'}),frozenset({'Chicken'}),0.17146944614755774,0.17872470876762722,0.03126916002452483,0.18235995232419547,1.020339904771056,1.0,0.0006233331992562333,1.0044460194518379,0.024059994002534328,0.09804549823774432,0.004426339858725502,0.17865853533877013
frozenset({'Chicken'}),frozenset({'Tomato Sauce'}),0.17872470876762722,0.17841814837522993,0.03382382996116902,0.1892510005717553,1.0607160891152334,1.0,0.001936098353946751,1.0133615363129216,0.06969728750751354,0.10461441213653604,0.013185359651143955,0.18941358734200595
frozenset({'Tomato Sauce'}),frozenset({'Chicken'}),0.17841814837522993,0.17872470876762722,0.03382382996116902,0.18957617411225658,1.0607160891152332,1.0,0.001936098353946751,1.0133898646584614,0.06967128105695103,0.10461441213653604,0.01321294511167636,0.18941358734200595
frozenset({'Juice'}),frozenset({'Eggs'}),0.17075413856529736,0.18189249948906602,0.03208665440425097,0.18791143028126872,1.0330905936699413,1.0,0.0010277573425067112,1.0074116679099268,0.03862627594570086,0.10009563277016258,0.0073571392371341,0.1821579623316456
frozenset({'Eggs'}),frozenset({'Juice'}),0.18189249948906602,0.17075413856529736,0.03208665440425097,0.17640449438202246,1.0330905936699413,1.0,0.0010277573425067112,1.0068605957392707,0.03915216453901605,0.10009563277016258,0.006813848678061839,0.1821579623316456
frozenset({'Onions'}),frozenset({'Eggs'}),0.1815859390966687,0.18189249948906602,0.035050071530758224,0.19302194710185705,1.061186951875715,1.0,0.002020951196395837,1.013791512139421,0.07045208251504219,0.10672059738643436,0.013603893871942668,0.1928592881576701
frozenset({'Eggs'}),frozenset({'Onions'}),0.18189249948906602,0.1815859390966687,0.035050071530758224,0.19269662921348313,1.0611869518757153,1.0,0.002020951196395837,1.0137627198385035,0.07047848224618697,0.10672059738643436,0.013575878821718814,0.1928592881576701
frozenset({'Eggs'}),frozenset({'Potatoes'}),0.18189249948906602,0.17800940118536684,0.03484569793582669,0.19157303370786513,1.0761961583611759,1.0,0.002467123021668405,1.0167778081237298,0.0865428641129124,0.10719899402703553,0.01650095821297467,0.19366252144635507
frozenset({'Potatoes'}),frozenset({'Eggs'}),0.17800940118536684,0.18189249948906602,0.03484569793582669,0.195752009184845,1.0761961583611759,1.0,0.002467123021668405,1.0172328807209472,0.08613403407359231,0.10719899402703553,0.016940939530713607,0.19366252144635507
frozenset({'Snacks'}),frozenset({'Eggs'}),0.17729409360310647,0.18189249948906602,0.03423257715103209,0.19308357348703173,1.061525758507917,1.0,0.001984111320914625,1.0138689381331931,0.07045013412628837,0.10534591194968555,0.013679221851622833,0.19064291033902148
frozenset({'Eggs'}),frozenset({'Snacks'}),0.18189249948906602,0.17729409360310647,0.03423257715103209,0.18820224719101125,1.0615257585079172,1.0,0.001984111320914625,1.0134370334854468,0.07084611914198698,0.10534591194968555,0.01325887355747562,0.19064291033902148
frozenset({'Eggs'}),frozenset({'Tomato Sauce'}),0.18189249948906602,0.17841814837522993,0.03382382996116902,0.18595505617977529,1.0422429437430016,1.0,0.0013709069989874048,1.009258589297509,0.049542148524558245,0.10359937402190923,0.00917365420090558,0.18776561514601592
frozenset({'Tomato Sauce'}),frozenset({'Eggs'}),0.17841814837522993,0.18189249948906602,0.03382382996116902,0.18957617411225658,1.0422429437430016,1.0,0.0013709069989874048,1.0094810571675552,0.049332641926320066,0.10359937402190923,0.009392010974586909,0.18776561514601592
frozenset({'Juice'}),frozenset({'Fish'}),0.17075413856529736,0.17872470876762722,0.032188841201716736,0.18850987432675043,1.0547499314817494,1.0,0.0016708575157669027,1.012058268177946,0.06259660241175952,0.10144927536231883,0.011914598750974205,0.18430639513936148
frozenset({'Fish'}),frozenset({'Juice'}),0.17872470876762722,0.17075413856529736,0.032188841201716736,0.18010291595197256,1.0547499314817494,1.0,0.0016708575157669027,1.0114023791138738,0.06320410956469187,0.10144927536231883,0.01127383062304417,0.18430639513936148
frozenset({'Milk'}),frozenset({'Fish'}),0.18168812589413447,0.17872470876762722,0.032904148783977114,0.18110236220472445,1.013303439985954,1.0,0.0004319913970119438,1.002903480639532,0.016043738869826144,0.10046801872074886,0.002895074845767508,0.18260378258892598
frozenset({'Fish'}),frozenset({'Milk'}),0.17872470876762722,0.18168812589413447,0.032904148783977114,0.18410520297312752,1.013303439985954,1.0,0.0004319913970119438,1.002962486202634,0.01598584806141194,0.10046801872074886,0.0029537358010771736,0.18260378258892598
frozenset({'Onions'}),frozenset({'Fish'}),0.1815859390966687,0.17872470876762722,0.03382382996116902,0.1862689926842994,1.0422117566658398,1.0,0.0013699358798208092,1.0092712258090777,0.049488509716599086,0.10359937402190925,0.00918605977461165,0.18775999662802734
frozenset({'Fish'}),frozenset({'Onions'}),0.17872470876762722,0.1815859390966687,0.03382382996116902,0.1892510005717553,1.04221175666584,1.0,0.0013699358798208092,1.0094542965584814,0.04931609733983353,0.10359937402190925,0.009365749980671441,0.18775999662802734
frozenset({'Oranges'}),frozenset({'Fish'}),0.17964438994481913,0.17872470876762722,0.032904148783977114,0.18316268486916953,1.0248313517036554,1.0,0.0007972575093512582,1.0054331211605232,0.029535600553343068,0.1010989010989011,0.005403761867574104,0.1836339439211485
frozenset({'Fish'}),frozenset({'Oranges'}),0.17872470876762722,0.17964438994481913,0.032904148783977114,0.18410520297312752,1.0248313517036551,1.0,0.0007972575093512582,1.0054673875168265,0.02950252597265623,0.1010989010989011,0.005437657734806417,0.1836339439211485
frozenset({'Potatoes'}),frozenset({'Fish'}),0.17800940118536684,0.17872470876762722,0.03249540159411404,0.182548794489093,1.0213965139338275,1.0,0.0006807232093596349,1.004678059920501,0.025484833416210873,0.10022061140876143,0.004656277574998648,0.1821834881536374
frozenset({'Fish'}),frozenset({'Potatoes'}),0.17872470876762722,0.17800940118536684,0.03249540159411404,0.18181818181818182,1.0213965139338275,1.0,0.0006807232093596349,1.0046551763289961,0.025507029986313334,0.10022061140876143,0.0046336060756747115,0.1821834881536374
frozenset({'Snacks'}),frozenset({'Fish'}),0.17729409360310647,0.17872470876762722,0.03300633558144288,0.18616714697406342,1.0416419098274354,1.0,0.0013195003360072372,1.0091449223004014,0.04859231378291585,0.10218285352736477,0.009062050552219066,0.18542205261796368
frozenset({'Fish'}),frozenset({'Snacks'}),0.17872470876762722,0.17729409360310647,0.03300633558144288,0.18467695826186392,1.0416419098274354,1.0,0.0013195003360072372,1.009055140454535,0.048676958848607135,0.10218285352736477,0.00897388070433492,0.18542205261796368
frozenset({'Fish'}),frozenset({'Tomato Sauce'}),0.17872470876762722,0.17841814837522993,0.03413039035356632,0.19096626643796455,1.070329830104193,1.0,0.0022426587463440506,1.0155100060012174,0.0800079572098804,0.10566276494780132,0.015273119821134452,0.19113032680432018
frozenset({'Tomato Sauce'}),frozenset({'Fish'}),0.17841814837522993,0.17872470876762722,0.03413039035356632,0.19129438717067582,1.070329830104193,1.0,0.0022426587463440506,1.0155429592717584,0.07997810349450357,0.10566276494780132,0.015305073143241702,0.19113032680432018
frozenset({'Milk'}),frozenset({'Juice'}),0.18168812589413447,0.17075413856529736,0.032188841201716736,0.17716535433070865,1.0375464736566815,1.0,0.0011648417771205066,1.0077916210737536,0.044222444222444195,0.10051052967453733,0.007731381081985811,0.18283761432872953
frozenset({'Juice'}),frozenset({'Milk'}),0.17075413856529736,0.18168812589413447,0.032188841201716736,0.18850987432675043,1.0375464736566815,1.0,0.0011648417771205066,1.008406446630458,0.043639350996097725,0.10051052967453733,0.008336367402794679,0.18283761432872953
frozenset({'Onions'}),frozenset({'Juice'}),0.1815859390966687,0.17075413856529736,0.03331289597384018,0.18345526167698367,1.0743825199108092,1.0,0.0023063453678179614,1.0155547179665518,0.08459386564348233,0.10442024343369634,0.015316474525072359,0.18927401025201668
frozenset({'Juice'}),frozenset({'Onions'}),0.17075413856529736,0.1815859390966687,0.03331289597384018,0.19509275882704966,1.0743825199108092,1.0,0.0023063453678179614,1.0167805916501609,0.0834888810768515,0.10442024343369634,0.016503650628231743,0.18927401025201668
frozenset({'Juice'}),frozenset({'Potatoes'}),0.17075413856529736,0.17800940118536684,0.0316779072143879,0.1855176540993417,1.042178968436371,1.0,0.0012820652584561616,1.0092184354292815,0.048805676465327075,0.09990331936835321,0.009134232100467179,0.18173701304278223
frozenset({'Potatoes'}),frozenset({'Juice'}),0.17800940118536684,0.17075413856529736,0.0316779072143879,0.17795637198622274,1.042178968436371,1.0,0.0012820652584561616,1.0087613761307626,0.04923645754800213,0.09990331936835321,0.00868528111610299,0.18173701304278223
frozenset({'Juice'}),frozenset({'Rice'}),0.17075413856529736,0.17146944614755774,0.029327610872675252,0.17175344105326154,1.0016562420424417,1.0,4.849330548038419e-05,1.0003428869128836,0.001993984555636486,0.0937295885042456,0.00034276938174856693,0.17139519490088584
frozenset({'Rice'}),frozenset({'Juice'}),0.17146944614755774,0.17075413856529736,0.029327610872675252,0.17103694874851014,1.0016562420424417,1.0,4.849330548038419e-05,1.0003411613856443,0.0019957060519228027,0.0937295885042456,0.00034104503424771333,0.17139519490088584
frozenset({'Snacks'}),frozenset({'Juice'}),0.17729409360310647,0.17075413856529736,0.0316779072143879,0.17867435158501443,1.0463837250813592,1.0,0.001404206988474259,1.0096432067292695,0.05388030338847918,0.10012919896640826,0.009551103464072858,0.18209600284217808
frozenset({'Juice'}),frozenset({'Snacks'}),0.17075413856529736,0.17729409360310647,0.0316779072143879,0.1855176540993417,1.046383725081359,1.0,0.001404206988474259,1.0100966712631956,0.053455369387633504,0.10012919896640826,0.009995747486791459,0.18209600284217808
frozenset({'Juice'}),frozenset({'Tomato Sauce'}),0.17075413856529736,0.17841814837522993,0.031473533619456366,0.1843207660083782,1.0330830562187796,1.0,0.0010078963892285707,1.0072364446551656,0.03861775932016224,0.09906722418784175,0.0071844547460185445,0.1803619866697103
frozenset({'Tomato Sauce'}),frozenset({'Juice'}),0.17841814837522993,0.17075413856529736,0.031473533619456366,0.17640320733104237,1.0330830562187796,1.0,0.0010078963892285707,1.0068590222983247,0.03897799961232793,0.09906722418784175,0.00681229660401486,0.1803619866697103
frozenset({'Onions'}),frozenset({'Milk'}),0.1815859390966687,0.18168812589413447,0.03596975270795013,0.1980866629150253,1.090256514784273,1.0,0.002977743744749954,1.0204492633586828,0.10115253862132381,0.10989697158913518,0.02003947093986485,0.19803095800419432
frozenset({'Milk'}),frozenset({'Onions'}),0.18168812589413447,0.1815859390966687,0.03596975270795013,0.19797525309336333,1.0902565147842733,1.0,0.002977743744749954,1.0204349230617973,0.10116517005721558,0.10989697158913518,0.020025699434592793,0.19803095800419432
frozenset({'Oranges'}),frozenset({'Milk'}),0.17964438994481913,0.18168812589413447,0.034334763948497854,0.19112627986348124,1.0519470049179007,1.0,0.0016955114120285747,1.0116682662996563,0.060195565520677785,0.105,0.011533688154848594,0.19005132890811857
frozenset({'Milk'}),frozenset({'Oranges'}),0.18168812589413447,0.17964438994481913,0.034334763948497854,0.1889763779527559,1.0519470049179007,1.0,0.0016955114120285747,1.0115064318156113,0.06034590409590426,0.105,0.011375539940915457,0.19005132890811857
frozenset({'Pasta'}),frozenset({'Milk'}),0.17739628040057226,0.18168812589413447,0.03525444512568976,0.1987327188940092,1.093812366196161,1.0,0.0030236473991194085,1.021272044175257,0.10426212980466283,0.10886715052066898,0.020828969417679092,0.19638548205667838
frozenset({'Milk'}),frozenset({'Pasta'}),0.18168812589413447,0.17739628040057226,0.03525444512568976,0.1940382452193476,1.093812366196161,1.0,0.0030236473991194085,1.0206485788191086,0.10480895915678519,0.10886715052066898,0.020230840710128623,0.19638548205667838
frozenset({'Milk'}),frozenset({'Rice'}),0.18168812589413447,0.17146944614755774,0.03249540159411404,0.17885264341957258,1.0430583840905465,1.0,0.0013414392754590616,1.0089913183216728,0.05044640893697509,0.10133843212237095,0.008911194931418004,0.18418198321157414
frozenset({'Rice'}),frozenset({'Milk'}),0.17146944614755774,0.18168812589413447,0.03249540159411404,0.1895113230035757,1.0430583840905467,1.0,0.0013414392754590616,1.0096524446688546,0.049824228264343434,0.10133843212237095,0.00956016569842557,0.18418198321157414
frozenset({'Snacks'}),frozenset({'Milk'}),0.17729409360310647,0.18168812589413447,0.03443695074596362,0.19423631123919308,1.0690644217023304,1.0,0.0022247191471159514,1.0155730340298115,0.07852462804812207,0.10610831234256926,0.015334233489853093,0.19188755944411845
frozenset({'Milk'}),frozenset({'Snacks'}),0.18168812589413447,0.17729409360310647,0.03443695074596362,0.18953880764904385,1.0690644217023304,1.0,0.0022247191471159514,1.015108328642385,0.07894627627565322,0.10610831234256926,0.014883464371325702,0.19188755944411845
frozenset({'Milk'}),frozenset({'Tomato Sauce'}),0.18168812589413447,0.17841814837522993,0.03249540159411404,0.17885264341957258,1.002435262602484,1.0,7.894259031690498e-05,1.0005291316361926,0.00296872938382384,0.09918902058640051,0.0005288518039722823,0.1804916138060062
frozenset({'Tomato Sauce'}),frozenset({'Milk'}),0.17841814837522993,0.18168812589413447,0.03249540159411404,0.18213058419243985,1.002435262602484,1.0,7.894259031690498e-05,1.0005409889277599,0.0029569135454802628,0.09918902058640051,0.0005406964169850797,0.1804916138060062
frozenset({'Oranges'}),frozenset({'Onions'}),0.17964438994481913,0.1815859390966687,0.03392601675863478,0.18885096700796358,1.0400087580978794,1.0,0.001305121507056653,1.0089564649846117,0.0468938534406685,0.10365282547611614,0.008876958813825908,0.18784135294686305
frozenset({'Onions'}),frozenset({'Oranges'}),0.1815859390966687,0.17964438994481913,0.03392601675863478,0.18683173888576252,1.0400087580978794,1.0,0.001305121507056653,1.0088386983169941,0.04700510118887336,0.10365282547611614,0.00876126018137419,0.18784135294686305
frozenset({'Onions'}),frozenset({'Potatoes'}),0.1815859390966687,0.17800940118536684,0.035867565910484366,0.1975239167135622,1.1096263197238345,1.0,0.0035435616282038784,1.0243178780460052,0.12071604629976479,0.11079545454545454,0.023740558050586745,0.19950822701349752
frozenset({'Potatoes'}),frozenset({'Onions'}),0.17800940118536684,0.1815859390966687,0.035867565910484366,0.20149253731343283,1.1096263197238345,1.0,0.0035435616282038784,1.0249297585144523,0.12019080243844059,0.11079545454545454,0.024323382463385418,0.19950822701349752
frozenset({'Onions'}),frozenset({'Rice'}),0.1815859390966687,0.17146944614755774,0.0319844676067852,0.17613956105796286,1.0272358429756998,1.0,0.0008480272016952659,1.0056685752703483,0.032396461329247284,0.09961807765754296,0.0056366236449462825,0.1813355731392317
frozenset({'Rice'}),frozenset({'Onions'}),0.17146944614755774,0.1815859390966687,0.0319844676067852,0.1865315852205006,1.0272358429757,1.0,0.0008480272016952659,1.0060797027075383,0.03200089526220295,0.09961807765754296,0.006042963287279168,0.1813355731392317
frozenset({'Onions'}),frozenset({'Snacks'}),0.1815859390966687,0.17729409360310647,0.032904148783977114,0.18120427687113114,1.0220547858564204,1.0,0.0007100343007643423,1.0047755296682337,0.026366688407219147,0.10094043887147337,0.00475283237621282,0.18339752748455695
frozenset({'Snacks'}),frozenset({'Onions'}),0.17729409360310647,0.1815859390966687,0.032904148783977114,0.18559077809798274,1.0220547858564204,1.0,0.0007100343007643423,1.0049174774715355,0.026229140163137266,0.10094043887147337,0.0048934142173628695,0.18339752748455695
frozenset({'Oranges'}),frozenset({'Pasta'}),0.17964438994481913,0.17739628040057226,0.03413039035356632,0.1899886234357224,1.0709842563029834,1.0,0.0022621437825254415,1.0155458841683946,0.08079356981105047,0.10569620253164556,0.015307909185339037,0.19119246839988885
frozenset({'Pasta'}),frozenset({'Oranges'}),0.17739628040057226,0.17964438994481913,0.03413039035356632,0.19239631336405527,1.0709842563029834,1.0,0.0022621437825254415,1.0157898281425064,0.08057276750846126,0.10569620253164556,0.015544384975167526,0.19119246839988885
frozenset({'Oranges'}),frozenset({'Potatoes'}),0.17964438994481913,0.17800940118536684,0.03382382996116902,0.1882821387940842,1.0577089611015547,1.0,0.0018454396807812273,1.012655552008497,0.0665081580028812,0.10444935310823604,0.012497390631390859,0.1891468099251707
frozenset({'Potatoes'}),frozenset({'Oranges'}),0.17800940118536684,0.17964438994481913,0.03382382996116902,0.1900114810562572,1.0577089611015547,1.0,0.0018454396807812273,1.0127990593310596,0.06637586927487944,0.10444935310823604,0.012637313604451047,0.1891468099251707
frozenset({'Pasta'}),frozenset({'Rice'}),0.17739628040057226,0.17146944614755774,0.03239321479664827,0.18260368663594467,1.064934253527625,1.0,0.0019751728477252935,1.0136215937194077,0.07412426278974059,0.1023571197933484,0.013438539395578998,0.18575953104145265
frozenset({'Rice'}),frozenset({'Pasta'}),0.17146944614755774,0.17739628040057226,0.03239321479664827,0.18891537544696066,1.064934253527625,1.0,0.0019751728477252935,1.0142020877941513,0.07359402016001626,0.1023571197933484,0.014003212934653028,0.18575953104145265
frozenset({'Rice'}),frozenset({'Potatoes'}),0.17146944614755774,0.17800940118536684,0.030962599632127528,0.18057210965435042,1.0143964782304669,1.0,0.0004394262018142664,1.0031274362261489,0.017129315299561475,0.09720885466794996,0.003117685862440729,0.17725505597528085
frozenset({'Potatoes'}),frozenset({'Rice'}),0.17800940118536684,0.17146944614755774,0.030962599632127528,0.17393800229621126,1.0143964782304669,1.0,0.0004394262018142664,1.0029883424676542,0.017265600254704676,0.09720885466794996,0.002979438883907661,0.17725505597528085
frozenset({'Snacks'}),frozenset({'Potatoes'}),0.17729409360310647,0.17800940118536684,0.03157572041692213,0.1780979827089337,1.0004976227265359,1.0,1.570498093077244e-05,1.0001077762576358,0.0006045601684086938,0.09753787878787877,0.00010776464316575081,0.1777401509411488
frozenset({'Potatoes'}),frozenset({'Snacks'}),0.17800940118536684,0.17729409360310647,0.03157572041692213,0.17738231917336394,1.0004976227265359,1.0,1.570498093077244e-05,1.0001072497860353,0.0006050862650246635,0.09753787878787877,0.00010723828475216425,0.1777401509411488
frozenset({'Potatoes'}),frozenset({'Tomato Sauce'}),0.17800940118536684,0.17841814837522993,0.03392601675863478,0.19058553386911595,1.0681958960155604,1.0,0.0021659090057581723,1.0150323301633684,0.07766770712886352,0.10519645120405577,0.014809705776513506,0.19036722283375612
frozenset({'Tomato Sauce'}),frozenset({'Potatoes'}),0.17841814837522993,0.17800940118536684,0.03392601675863478,0.19014891179839633,1.0681958960155606,1.0,0.0021659090057581723,1.0149898058913362,0.07770634777917639,0.10519645120405577,0.014768429992429947,0.19036722283375612
frozenset({'Snacks'}),frozenset({'Rice'}),0.17729409360310647,0.17146944614755774,0.03300633558144288,0.18616714697406342,1.085716150350527,1.0,0.0026058155460849525,1.0180598519362516,0.09596254219905385,0.10453074433656959,0.017739479561936923,0.1893291038803571
frozenset({'Rice'}),frozenset({'Snacks'}),0.17146944614755774,0.17729409360310647,0.03300633558144288,0.19249106078665076,1.085716150350527,1.0,0.0026058155460849525,1.0188195652649354,0.09528791653238561,0.10453074433656959,0.018471931543679602,0.1893291038803571
frozenset({'Rice'}),frozenset({'Tomato Sauce'}),0.17146944614755774,0.17841814837522993,0.0319844676067852,0.1865315852205006,1.045474280050297,1.0,0.001391206522211745,1.009973880605395,0.05249814406471085,0.10061073609771776,0.009875384697489886,0.18289924049112083
frozenset({'Tomato Sauce'}),frozenset({'Rice'}),0.17841814837522993,0.17146944614755774,0.0319844676067852,0.1792668957617411,1.045474280050297,1.0,0.001391206522211745,1.0095005910860881,0.05294215821849199,0.10061073609771776,0.009411179319733388,0.18289924049112083
